[
  {
    "value": "abdominal pain",
    "synonyms": [
      "abdominal_pain"
    ]
  },
  {
    "value": "abnormal",
    "synonyms": [
      "abnormal"
    ]
  },
  {
    "value": "acidity",
    "synonyms": [
      "acidity"
    ]
  },
  {
    "value": "acute liver failure",
    "synonyms": [
      "acute_liver_failure"
    ]
  },
  {
    "value": "altered sensorium",
    "synonyms": [
      "altered_sensorium"
    ]
  },
  {
    "value": "anxiety",
    "synonyms": [
      "anxiety",
      "anxious"
    ]
  },
  {
    "value": "back pain",
    "synonyms": [
      "back pain"
    ]
  },
  {
    "value": "belly pain",
    "synonyms": [
      "belly pain"
    ]
  },
  {
    "value": "blackheads",
    "synonyms": [
      "blackheads"
    ]
  },
  {
    "value": "bladder discomfort",
    "synonyms": [
      "bladder discomfort"
    ]
  },
  {
    "value": "blister",
    "synonyms": [
      "blister"
    ]
  },
  {
    "value": "blood in sputum",
    "synonyms": [
      "blood in sputum"
    ]
  },
  {
    "value": "bloody stool",
    "synonyms": [
      "bloody stool"
    ]
  },
  {
    "value": "blurred and distorted vision",
    "synonyms": [
      "blurred and distorted vision"
    ]
  },
  {
    "value": "breathlessness",
    "synonyms": [
      "breathlessness"
    ]
  },
  {
    "value": "brittle nails",
    "synonyms": [
      "brittle nails"
    ]
  },
  {
    "value": "bruising",
    "synonyms": [
      "bruising"
    ]
  },
  {
    "value": "burning micturition",
    "synonyms": [
      "burning micturition"
    ]
  },
  {
    "value": "chest pain",
    "synonyms": [
      "chest pain"
    ]
  },
  {
    "value": "chills",
    "synonyms": [
      "chills"
    ]
  },
  {
    "value": "cold hands and feets",
    "synonyms": [
      "cold hands and feets"
    ]
  },
  {
    "value": "coma",
    "synonyms": [
      "coma"
    ]
  },
  {
    "value": "congestion",
    "synonyms": [
      "congestion"
    ]
  },
  {
    "value": "constipation",
    "synonyms": [
      "constipation"
    ]
  },
  {
    "value": "continuous feel of urine",
    "synonyms": [
      "continuous feel of urine"
    ]
  },
  {
    "value": "continuous sneezing",
    "synonyms": [
      "continuous sneezing"
    ]
  },
  {
    "value": "cough",
    "synonyms": [
      "cough"
    ]
  },
  {
    "value": "cramps",
    "synonyms": [
      "cramps"
    ]
  },
  {
    "value": "dark urine",
    "synonyms": [
      "dark urine"
    ]
  },
  {
    "value": "dehydration",
    "synonyms": [
      "dehydration"
    ]
  },
  {
    "value": "depression",
    "synonyms": [
      "depression"
    ]
  },
  {
    "value": "diarrhoea",
    "synonyms": [
      "diarrhoea"
    ]
  },
  {
    "value": "dischromic  patches",
    "synonyms": [
      "dischromic  patches"
    ]
  },
  {
    "value": "distention of abdomen",
    "synonyms": [
      "distention of abdomen"
    ]
  },
  {
    "value": "dizziness",
    "synonyms": [
      "dizziness"
    ]
  },
  {
    "value": "drying and tingling lips",
    "synonyms": [
      "drying and tingling lips"
    ]
  },
  {
    "value": "enlarged thyroid",
    "synonyms": [
      "enlarged thyroid"
    ]
  },
  {
    "value": "excessive hunger",
    "synonyms": [
      "excessive hunger"
    ]
  },
  {
    "value": "extra marital contacts",
    "synonyms": [
      "extra marital contacts"
    ]
  },
  {
    "value": "family history",
    "synonyms": [
      "family history"
    ]
  },
  {
    "value": "fast heart rate",
    "synonyms": [
      "fast heart rate"
    ]
  },
  {
    "value": "fatigue",
    "synonyms": [
      "fatigue"
    ]
  },
  {
    "value": "fluid overload",
    "synonyms": [
      "fluid overload"
    ]
  },
  {
    "value": "fluid overload.1",
    "synonyms": [
      "fluid overload.1"
    ]
  },
  {
    "value": "foul smell of urine",
    "synonyms": [
      "foul smell of urine"
    ]
  },
  {
    "value": "headache",
    "synonyms": [
      "headache"
    ]
  },
  {
    "value": "high fever",
    "synonyms": [
      "high fever"
    ]
  },
  {
    "value": "hip joint pain",
    "synonyms": [
      "hip joint pain"
    ]
  },
  {
    "value": "history of alcohol consumption",
    "synonyms": [
      "history of alcohol consumption"
    ]
  },
  {
    "value": "increased appetite",
    "synonyms": [
      "increased appetite"
    ]
  },
  {
    "value": "indigestion",
    "synonyms": [
      "indigestion"
    ]
  },
  {
    "value": "inflammatory nails",
    "synonyms": [
      "inflammatory nails"
    ]
  },
  {
    "value": "internal itching",
    "synonyms": [
      "internal itching"
    ]
  },
  {
    "value": "irregular sugar level",
    "synonyms": [
      "irregular sugar level"
    ]
  },
  {
    "value": "irritability",
    "synonyms": [
      "irritability"
    ]
  },
  {
    "value": "irritation in anus",
    "synonyms": [
      "irritation in anus"
    ]
  },
  {
    "value": "itching",
    "synonyms": [
      "itching"
    ]
  },
  {
    "value": "joint pain",
    "synonyms": [
      "joint pain"
    ]
  },
  {
    "value": "knee pain",
    "synonyms": [
      "knee pain"
    ]
  },
  {
    "value": "lack of concentration",
    "synonyms": [
      "lack of concentration"
    ]
  },
  {
    "value": "lethargy",
    "synonyms": [
      "lethargy"
    ]
  },
  {
    "value": "loss of appetite",
    "synonyms": [
      "loss of appetite"
    ]
  },
  {
    "value": "loss of balance",
    "synonyms": [
      "loss of balance"
    ]
  },
  {
    "value": "loss of smell",
    "synonyms": [
      "loss of smell"
    ]
  },
  {
    "value": "malaise",
    "synonyms": [
      "malaise"
    ]
  },
  {
    "value": "mild fever",
    "synonyms": [
      "mild fever"
    ]
  },
  {
    "value": "mood swings",
    "synonyms": [
      "mood swings"
    ]
  },
  {
    "value": "movement stiffness",
    "synonyms": [
      "movement stiffness"
    ]
  },
  {
    "value": "mucoid sputum",
    "synonyms": [
      "mucoid sputum"
    ]
  },
  {
    "value": "muscle pain",
    "synonyms": [
      "muscle pain"
    ]
  },
  {
    "value": "muscle wasting",
    "synonyms": [
      "muscle wasting"
    ]
  },
  {
    "value": "muscle weakness",
    "synonyms": [
      "muscle weakness"
    ]
  },
  {
    "value": "nausea",
    "synonyms": [
      "nausea"
    ]
  },
  {
    "value": "neck pain",
    "synonyms": [
      "neck pain"
    ]
  },
  {
    "value": "nodal skin eruptions",
    "synonyms": [
      "nodal skin eruptions"
    ]
  },
  {
    "value": "obesity",
    "synonyms": [
      "obesity"
    ]
  },
  {
    "value": "pain behind the_eyes",
    "synonyms": [
      "pain behind the_eyes"
    ]
  },
  {
    "value": "pain during bowel movements",
    "synonyms": [
      "pain during bowel movements"
    ]
  },
  {
    "value": "pain in anal region",
    "synonyms": [
      "pain in anal region"
    ]
  },
  {
    "value": "painful walking",
    "synonyms": [
      "painful walking"
    ]
  },
  {
    "value": "palpitations",
    "synonyms": [
      "palpitations"
    ]
  },
  {
    "value": "passage of gases",
    "synonyms": [
      "passage of gases"
    ]
  },
  {
    "value": "patches in throat",
    "synonyms": [
      "patches in throat"
    ]
  },
  {
    "value": "phlegm",
    "synonyms": [
      "phlegm"
    ]
  },
  {
    "value": "polyuria",
    "synonyms": [
      "polyuria"
    ]
  },
  {
    "value": "prominent veins on calf",
    "synonyms": [
      "prominent veins on calf"
    ]
  },
  {
    "value": "puffy face and eyes",
    "synonyms": [
      "puffy face and eyes"
    ]
  },
  {
    "value": "pus filled pimples",
    "synonyms": [
      "pus filled pimples"
    ]
  },
  {
    "value": "receiving blood transfusion",
    "synonyms": [
      "receiving blood transfusion"
    ]
  },
  {
    "value": "receiving unsterile injections",
    "synonyms": [
      "receiving unsterile injections"
    ]
  },
  {
    "value": "red sore around nose",
    "synonyms": [
      "red sore around nose"
    ]
  },
  {
    "value": "red spots over body",
    "synonyms": [
      "red spots over body"
    ]
  },
  {
    "value": "redness of eyes",
    "synonyms": [
      "redness of eyes"
    ]
  },
  {
    "value": "restlessness",
    "synonyms": [
      "restlessness"
    ]
  },
  {
    "value": "runny nose",
    "synonyms": [
      "runny nose"
    ]
  },
  {
    "value": "rusty sputum",
    "synonyms": [
      "rusty sputum"
    ]
  },
  {
    "value": "scurring",
    "synonyms": [
      "scurring"
    ]
  },
  {
    "value": "shivering",
    "synonyms": [
      "shivering"
    ]
  },
  {
    "value": "silver like dusting",
    "synonyms": [
      "silver like dusting"
    ]
  },
  {
    "value": "sinus pressure",
    "synonyms": [
      "sinus pressure"
    ]
  },
  {
    "value": "skin peeling",
    "synonyms": [
      "skin peeling"
    ]
  },
  {
    "value": "skin rash",
    "synonyms": [
      "skin rash"
    ]
  },
  {
    "value": "slurred speech",
    "synonyms": [
      "slurred speech"
    ]
  },
  {
    "value": "small dents in nails",
    "synonyms": [
      "small dents in nails"
    ]
  },
  {
    "value": "spinning movements",
    "synonyms": [
      "spinning movements"
    ]
  },
  {
    "value": "spotting  urination",
    "synonyms": [
      "spotting  urination"
    ]
  },
  {
    "value": "stiff neck",
    "synonyms": [
      "stiff neck"
    ]
  },
  {
    "value": "stomach bleeding",
    "synonyms": [
      "stomach bleeding"
    ]
  },
  {
    "value": "stomach pain",
    "synonyms": [
      "stomach pain"
    ]
  },
  {
    "value": "sunken eyes",
    "synonyms": [
      "sunken eyes"
    ]
  },
  {
    "value": "sweating",
    "synonyms": [
      "sweating"
    ]
  },
  {
    "value": "swelled lymph nodes",
    "synonyms": [
      "swelled lymph nodes"
    ]
  },
  {
    "value": "swelling joints",
    "synonyms": [
      "swelling joints"
    ]
  },
  {
    "value": "swelling of stomach",
    "synonyms": [
      "swelling of stomach"
    ]
  },
  {
    "value": "swollen blood vessels",
    "synonyms": [
      "swollen blood vessels"
    ]
  },
  {
    "value": "swollen extremeties",
    "synonyms": [
      "swollen extremeties"
    ]
  },
  {
    "value": "swollen legs",
    "synonyms": [
      "swollen legs"
    ]
  },
  {
    "value": "throat irritation",
    "synonyms": [
      "throat irritation"
    ]
  },
  {
    "value": "toxic look (typhos)",
    "synonyms": [
      "toxic look (typhos)"
    ]
  },
  {
    "value": "ulcers on tongue",
    "synonyms": [
      "ulcers on tongue"
    ]
  },
  {
    "value": "unsteadiness",
    "synonyms": [
      "unsteadiness"
    ]
  },
  {
    "value": "visual disturbances",
    "synonyms": [
      "visual disturbances"
    ]
  },
  {
    "value": "vomiting",
    "synonyms": [
      "vomiting"
    ]
  },
  {
    "value": "watering from eyes",
    "synonyms": [
      "watering from eyes"
    ]
  },
  {
    "value": "weakness in limbs",
    "synonyms": [
      "weakness in limbs"
    ]
  },
  {
    "value": "weakness of one body side",
    "synonyms": [
      "weakness of one body side"
    ]
  },
  {
    "value": "weight gain",
    "synonyms": [
      "weight gain"
    ]
  },
  {
    "value": "weight loss",
    "synonyms": [
      "weight loss"
    ]
  },
  {
    "value": "yellow crust ooze",
    "synonyms": [
      "yellow crust ooze"
    ]
  },
  {
    "value": "yellow urine",
    "synonyms": [
      "yellow urine"
    ]
  },
  {
    "value": "yellowing of eyes",
    "synonyms": [
      "yellowing of eyes"
    ]
  },
  {
    "value": "yellowish skin",
    "synonyms": [
      "yellowish skin"
    ]
  }
]