[
  {
    "id": "819cb628-1478-4bd8-8346-1292091f47f2",
    "data": [
      {
        "text": "can you show me a salad ",
        "userDefined": false
      },
      {
        "text": "bowl",
        "meta": "@sys.ignore",
        "userDefined": false
      }
    ],
    "isTemplate": false,
    "count": 0,
    "lang": "en",
    "updated": 0
  },
  {
    "id": "0b2b26cb-2809-4b3e-a8ae-b797437ab32a",
    "data": [
      {
        "text": "3d",
        "meta": "@sys.ignore",
        "userDefined": true
      },
      {
        "text": " image salad ",
        "userDefined": false
      },
      {
        "text": "bowl",
        "meta": "@sys.ignore",
        "userDefined": false
      }
    ],
    "isTemplate": false,
    "count": 0,
    "lang": "en",
    "updated": 0
  },
  {
    "id": "7b504935-214e-4953-983f-7afa3ccccc2c",
    "data": [
      {
        "text": "i want to see a 3d image of a salad ",
        "userDefined": false
      },
      {
        "text": "bowl",
        "meta": "@sys.ignore",
        "userDefined": false
      }
    ],
    "isTemplate": false,
    "count": 0,
    "lang": "en",
    "updated": 0
  }
]