[
  {
    "id": "bdb5bb58-b784-47b4-b03b-2dc776c179a3",
    "data": [
      {
        "text": "Thane",
        "meta": "@sys.location",
        "alias": "location",
        "userDefined": false
      }
    ],
    "isTemplate": false,
    "count": 0,
    "lang": "en",
    "updated": 0
  },
  {
    "id": "b071855d-5b41-49cb-85d0-5eeeeeed5f1f",
    "data": [
      {
        "text": "I currently live in ",
        "userDefined": false
      },
      {
        "text": "Mumbai",
        "meta": "@sys.location",
        "alias": "location",
        "userDefined": false
      }
    ],
    "isTemplate": false,
    "count": 0,
    "lang": "en",
    "updated": 0
  },
  {
    "id": "45319b94-d191-463f-826f-f8d3f8f9ddbe",
    "data": [
      {
        "text": "I am at ",
        "userDefined": false
      },
      {
        "text": "Mulund",
        "meta": "@sys.location",
        "alias": "location",
        "userDefined": false
      }
    ],
    "isTemplate": false,
    "count": 0,
    "lang": "en",
    "updated": 0
  },
  {
    "id": "714500c7-856d-4eaf-b3ca-37ba83376a2b",
    "data": [
      {
        "text": "I stay at ",
        "userDefined": false
      },
      {
        "text": "Mulund",
        "meta": "@sys.location",
        "alias": "location",
        "userDefined": true
      }
    ],
    "isTemplate": false,
    "count": 0,
    "lang": "en",
    "updated": 0
  },
  {
    "id": "a55d9b18-c0ca-4004-8a89-e7a6a36a230a",
    "data": [
      {
        "text": "I live at ",
        "userDefined": false
      },
      {
        "text": "A-704,Gorai - Visamo CHS,Plot no -100,Pepsi Garden",
        "meta": "@sys.location",
        "alias": "location",
        "userDefined": true
      }
    ],
    "isTemplate": false,
    "count": 0,
    "lang": "en",
    "updated": 0
  },
  {
    "id": "bb9b0c6a-a2b4-4c5b-bfdd-d77f983243e3",
    "data": [
      {
        "text": "My location is ",
        "userDefined": false
      },
      {
        "text": "A-704,Gorai - Visamo CHS,Plot no -100,Pepsi Garden",
        "meta": "@sys.location",
        "alias": "location",
        "userDefined": true
      }
    ],
    "isTemplate": false,
    "count": 0,
    "lang": "en",
    "updated": 0
  },
  {
    "id": "057c7c08-febc-48c2-aa88-d5b561448753",
    "data": [
      {
        "text": "My location is ",
        "userDefined": false
      },
      {
        "text": "mumbai",
        "meta": "@sys.location",
        "alias": "location",
        "userDefined": true
      }
    ],
    "isTemplate": false,
    "count": 0,
    "lang": "en",
    "updated": 0
  }
]