[
  {
    "id": "5355d674-0718-4bec-b206-e4daa4d02b35",
    "data": [
      {
        "text": "40",
        "meta": "@sys.number",
        "alias": "weight",
        "userDefined": false
      }
    ],
    "isTemplate": false,
    "count": 0,
    "lang": "en",
    "updated": 0
  },
  {
    "id": "aa38586b-9c69-4762-9a4a-c24334d6bb6d",
    "data": [
      {
        "text": "75",
        "meta": "@sys.number",
        "alias": "weight",
        "userDefined": false
      },
      {
        "text": "kg",
        "userDefined": false
      }
    ],
    "isTemplate": false,
    "count": 0,
    "lang": "en",
    "updated": 0
  },
  {
    "id": "c410a54d-355c-42e6-8c19-83d52c75206d",
    "data": [
      {
        "text": "I weigh ",
        "userDefined": false
      },
      {
        "text": "65",
        "meta": "@sys.number",
        "alias": "weight",
        "userDefined": false
      },
      {
        "text": "kg",
        "userDefined": false
      }
    ],
    "isTemplate": false,
    "count": 0,
    "lang": "en",
    "updated": 0
  },
  {
    "id": "dcfb3841-a425-4d53-ae33-dec7f63a887e",
    "data": [
      {
        "text": "My weight is ",
        "userDefined": false
      },
      {
        "text": "50",
        "meta": "@sys.number",
        "alias": "weight",
        "userDefined": true
      },
      {
        "text": "kg",
        "userDefined": false
      }
    ],
    "isTemplate": false,
    "count": 0,
    "lang": "en",
    "updated": 0
  }
]