[
  {
    "id": "b1ecee3c-6450-4cc2-8287-ca6eed0c3275",
    "data": [
      {
        "text": "cannot mention",
        "userDefined": false
      }
    ],
    "isTemplate": false,
    "count": 0,
    "lang": "en",
    "updated": 0
  },
  {
    "id": "8f730307-5fde-480c-987e-1707ae6e23ce",
    "data": [
      {
        "text": "F",
        "meta": "@sys.any",
        "alias": "gender",
        "userDefined": true
      }
    ],
    "isTemplate": false,
    "count": 0,
    "lang": "en",
    "updated": 0
  },
  {
    "id": "e29bf07e-8e34-4c14-a2c0-41b0afeceb3e",
    "data": [
      {
        "text": "f",
        "meta": "@sys.any",
        "alias": "gender",
        "userDefined": true
      }
    ],
    "isTemplate": false,
    "count": 5,
    "lang": "en",
    "updated": 0
  },
  {
    "id": "e6665f35-52db-46f0-b19b-06a7aee118ee",
    "data": [
      {
        "text": "M",
        "meta": "@sys.any",
        "alias": "gender",
        "userDefined": true
      }
    ],
    "isTemplate": false,
    "count": 1,
    "lang": "en",
    "updated": 0
  },
  {
    "id": "fcee2d7b-0f99-4c6b-bdc8-4ac3f1e54fcb",
    "data": [
      {
        "text": "m",
        "meta": "@sys.any",
        "alias": "gender",
        "userDefined": true
      }
    ],
    "isTemplate": false,
    "count": 1,
    "lang": "en",
    "updated": 0
  }
]