[
  {
    "id": "bc266f9d-c209-4309-aedb-5ec302cad156",
    "data": [
      {
        "text": "5",
        "meta": "@sys.number",
        "alias": "phys_exercise",
        "userDefined": false
      }
    ],
    "isTemplate": false,
    "count": 0,
    "lang": "en",
    "updated": 0
  },
  {
    "id": "8d9debbb-de4d-47d2-9d92-e026b4fe4517",
    "data": [
      {
        "text": "4",
        "meta": "@sys.number",
        "alias": "phys_exercise",
        "userDefined": false
      }
    ],
    "isTemplate": false,
    "count": 0,
    "lang": "en",
    "updated": 0
  },
  {
    "id": "b87c35de-56df-4f3a-ad1b-82e0b1e4fc0b",
    "data": [
      {
        "text": "3",
        "meta": "@sys.number",
        "alias": "phys_exercise",
        "userDefined": false
      }
    ],
    "isTemplate": false,
    "count": 0,
    "lang": "en",
    "updated": 0
  },
  {
    "id": "e94fd394-f2ce-46fd-b3b9-239535cd22e3",
    "data": [
      {
        "text": "2",
        "meta": "@sys.number",
        "alias": "phys_exercise",
        "userDefined": true
      }
    ],
    "isTemplate": false,
    "count": 0,
    "lang": "en",
    "updated": 0
  },
  {
    "id": "eb520c23-b3a5-40a5-b632-423d68fb1b94",
    "data": [
      {
        "text": "1",
        "meta": "@sys.number",
        "alias": "phys_exercise",
        "userDefined": false
      }
    ],
    "isTemplate": false,
    "count": 0,
    "lang": "en",
    "updated": 0
  }
]