[
  {
    "id": "5480a950-4309-44b1-aee5-8b8a78d6bbd2",
    "data": [
      {
        "text": "85",
        "meta": "@sys.number",
        "alias": "age",
        "userDefined": false
      }
    ],
    "isTemplate": false,
    "count": 0,
    "lang": "en",
    "updated": 0
  },
  {
    "id": "2d25c996-81d0-431f-b17b-e2baaaee2c17",
    "data": [
      {
        "text": "75",
        "meta": "@sys.number",
        "alias": "age",
        "userDefined": false
      }
    ],
    "isTemplate": false,
    "count": 0,
    "lang": "en",
    "updated": 0
  },
  {
    "id": "14d8e10e-5692-4925-9fad-33474e32c96b",
    "data": [
      {
        "text": "65",
        "meta": "@sys.number",
        "alias": "age",
        "userDefined": false
      }
    ],
    "isTemplate": false,
    "count": 0,
    "lang": "en",
    "updated": 0
  },
  {
    "id": "7406d7cc-fe72-4aff-9c44-9228ab03b1ed",
    "data": [
      {
        "text": "55",
        "meta": "@sys.number",
        "alias": "age",
        "userDefined": false
      }
    ],
    "isTemplate": false,
    "count": 0,
    "lang": "en",
    "updated": 0
  },
  {
    "id": "182ee2c4-99b8-48af-810b-6244578df509",
    "data": [
      {
        "text": "45",
        "meta": "@sys.number",
        "alias": "age",
        "userDefined": false
      }
    ],
    "isTemplate": false,
    "count": 0,
    "lang": "en",
    "updated": 0
  },
  {
    "id": "08751750-c3e8-4023-8048-ed5a52ccd6e6",
    "data": [
      {
        "text": "35",
        "meta": "@sys.number",
        "alias": "age",
        "userDefined": false
      }
    ],
    "isTemplate": false,
    "count": 0,
    "lang": "en",
    "updated": 0
  },
  {
    "id": "2d427f2f-47d8-4ea1-ad13-04b2aa0b4ae1",
    "data": [
      {
        "text": "25",
        "meta": "@sys.number",
        "alias": "age",
        "userDefined": false
      }
    ],
    "isTemplate": false,
    "count": 0,
    "lang": "en",
    "updated": 0
  },
  {
    "id": "5e8328a2-6bb1-40ff-a433-7a87027d4be2",
    "data": [
      {
        "text": "15",
        "meta": "@sys.number",
        "alias": "age",
        "userDefined": false
      }
    ],
    "isTemplate": false,
    "count": 0,
    "lang": "en",
    "updated": 0
  },
  {
    "id": "a30806e2-f89e-49fd-9e19-0e434c88d9db",
    "data": [
      {
        "text": "5",
        "meta": "@sys.number",
        "alias": "age",
        "userDefined": false
      }
    ],
    "isTemplate": false,
    "count": 0,
    "lang": "en",
    "updated": 0
  }
]