[
  {
    "id": "68ff6e0a-4d31-4d42-aa26-2228390d30ab",
    "data": [
      {
        "text": "190",
        "meta": "@sys.number",
        "alias": "height",
        "userDefined": false
      },
      {
        "text": "cm",
        "userDefined": false
      }
    ],
    "isTemplate": false,
    "count": 0,
    "lang": "en",
    "updated": 0
  },
  {
    "id": "190094e7-d601-43ac-8fc9-af02635dace2",
    "data": [
      {
        "text": "190",
        "meta": "@sys.number",
        "alias": "height",
        "userDefined": false
      }
    ],
    "isTemplate": false,
    "count": 0,
    "lang": "en",
    "updated": 0
  },
  {
    "id": "0dcdbcc5-8059-4dc6-a340-afb6b7a0e5fc",
    "data": [
      {
        "text": "I am ",
        "userDefined": false
      },
      {
        "text": "160",
        "meta": "@sys.number",
        "alias": "height",
        "userDefined": true
      },
      {
        "text": "cm tall",
        "userDefined": false
      }
    ],
    "isTemplate": false,
    "count": 0,
    "lang": "en",
    "updated": 0
  },
  {
    "id": "3feb2410-8a7d-41ba-be86-4bb09b5b4318",
    "data": [
      {
        "text": "My height is ",
        "userDefined": false
      },
      {
        "text": "180",
        "meta": "@sys.number",
        "alias": "height",
        "userDefined": true
      },
      {
        "text": "cm",
        "userDefined": false
      }
    ],
    "isTemplate": false,
    "count": 0,
    "lang": "en",
    "updated": 0
  }
]