[
  {
    "id": "bb831b07-1d19-4bda-880a-7ebeffe0898d",
    "data": [
      {
        "text": "I am",
        "meta": "@sys.ignore",
        "userDefined": false
      },
      {
        "text": " having ",
        "userDefined": false
      },
      {
        "text": "cold",
        "meta": "@symptoms",
        "alias": "symptoms",
        "userDefined": false
      },
      {
        "text": ", ",
        "userDefined": false
      },
      {
        "text": "fever",
        "meta": "@symptoms",
        "alias": "symptoms",
        "userDefined": false
      },
      {
        "text": " and ",
        "userDefined": false
      },
      {
        "text": "headache",
        "meta": "@symptoms",
        "alias": "symptoms",
        "userDefined": false
      }
    ],
    "isTemplate": false,
    "count": 0,
    "lang": "en",
    "updated": 0
  },
  {
    "id": "ebcbb452-d59e-4e8e-be41-ad594940474f",
    "data": [
      {
        "text": "I am having ",
        "userDefined": false
      },
      {
        "text": "cold",
        "meta": "@symptoms",
        "alias": "symptoms",
        "userDefined": false
      },
      {
        "text": " and ",
        "userDefined": false
      },
      {
        "text": "fever",
        "meta": "@symptoms",
        "alias": "symptoms",
        "userDefined": false
      }
    ],
    "isTemplate": false,
    "count": 0,
    "lang": "en",
    "updated": 0
  },
  {
    "id": "1511761d-187e-496e-9713-65c9c770b730",
    "data": [
      {
        "text": "I think I",
        "meta": "@sys.ignore",
        "userDefined": false
      },
      {
        "text": " have ",
        "userDefined": false
      },
      {
        "text": "anxiety",
        "meta": "@symptoms",
        "alias": "symptoms",
        "userDefined": false
      }
    ],
    "isTemplate": false,
    "count": 0,
    "lang": "en",
    "updated": 0
  },
  {
    "id": "67d0d63f-0077-4652-b9ab-5efd0407413f",
    "data": [
      {
        "text": "I am",
        "meta": "@sys.ignore",
        "userDefined": false
      },
      {
        "text": " having ",
        "userDefined": false
      },
      {
        "text": "cold",
        "meta": "@symptoms",
        "alias": "symptoms",
        "userDefined": false
      }
    ],
    "isTemplate": false,
    "count": 0,
    "lang": "en",
    "updated": 0
  },
  {
    "id": "4ada7909-f5e2-4a96-b878-0b6ba4d0f493",
    "data": [
      {
        "text": "I am not feeling well",
        "userDefined": false
      }
    ],
    "isTemplate": false,
    "count": 0,
    "lang": "en",
    "updated": 0
  },
  {
    "id": "52d192f1-0715-4e08-a6c8-f340ed0285af",
    "data": [
      {
        "text": "I am feeling sick",
        "userDefined": false
      }
    ],
    "isTemplate": false,
    "count": 0,
    "lang": "en",
    "updated": 0
  }
]