[
  {
    "id": "ede56222-c714-4ca5-88b2-03696fed84c8",
    "data": [
      {
        "text": "Fix the appointment for ",
        "userDefined": false
      },
      {
        "text": "monday 09:00",
        "meta": "@sys.date-time",
        "alias": "date-time",
        "userDefined": false
      }
    ],
    "isTemplate": false,
    "count": 0,
    "lang": "en",
    "updated": 0
  },
  {
    "id": "e04b48e5-80aa-4fba-8033-e55db6a9cc1a",
    "data": [
      {
        "text": "Book the appointment for ",
        "userDefined": false
      },
      {
        "text": "monday 12:00",
        "meta": "@sys.date-time",
        "alias": "date-time",
        "userDefined": false
      }
    ],
    "isTemplate": false,
    "count": 0,
    "lang": "en",
    "updated": 0
  },
  {
    "id": "f1b00cc9-591f-4c9f-9704-1f55d1f1f85e",
    "data": [
      {
        "text": "Give me this slot of ",
        "userDefined": false
      },
      {
        "text": "monday 12.00",
        "meta": "@sys.date-time",
        "alias": "date-time",
        "userDefined": false
      }
    ],
    "isTemplate": false,
    "count": 0,
    "lang": "en",
    "updated": 0
  },
  {
    "id": "1bed33dc-2260-4915-9f1b-82304cf44537",
    "data": [
      {
        "text": "can I get the time slot for ",
        "userDefined": false
      },
      {
        "text": "10pm on 22nd of january",
        "meta": "@sys.date-time",
        "alias": "date-time",
        "userDefined": false
      }
    ],
    "isTemplate": false,
    "count": 0,
    "lang": "en",
    "updated": 0
  },
  {
    "id": "cc2ab30a-8b40-4981-b20b-4b8d993f698e",
    "data": [
      {
        "text": "So fix an appointment at ",
        "userDefined": false
      },
      {
        "text": "10pm on 22/10/2020",
        "meta": "@sys.date-time",
        "alias": "date-time",
        "userDefined": true
      }
    ],
    "isTemplate": false,
    "count": 0,
    "lang": "en",
    "updated": 0
  }
]