[
  {
    "id": "aa9386a8-4da3-436c-96aa-cdaa1072e45d",
    "data": [
      {
        "text": "Austrailia",
        "meta": "@sys.geo-country",
        "alias": "country",
        "userDefined": true
      }
    ],
    "isTemplate": false,
    "count": 0,
    "lang": "en",
    "updated": 0
  },
  {
    "id": "cd9ee404-c85d-4d19-8572-197d46a8e942",
    "data": [
      {
        "text": "India",
        "meta": "@sys.geo-country",
        "alias": "country",
        "userDefined": false
      }
    ],
    "isTemplate": false,
    "count": 0,
    "lang": "en",
    "updated": 0
  }
]