[
  {
    "id": "6749fa82-490a-43b7-9f7d-8a31da9aab49",
    "data": [
      {
        "text": "Show me some covid records",
        "userDefined": false
      }
    ],
    "isTemplate": false,
    "count": 0,
    "lang": "en",
    "updated": 0
  },
  {
    "id": "9135a32b-58d0-4dc5-b477-4107ed613d35",
    "data": [
      {
        "text": "Can you share me some covid stats of my country?",
        "userDefined": false
      }
    ],
    "isTemplate": false,
    "count": 0,
    "lang": "en",
    "updated": 0
  }
]