[
  {
    "id": "9de1d3d6-90b6-41e2-9e61-595cf1de0337",
    "data": [
      {
        "text": "heart",
        "meta": "@sys.ignore",
        "userDefined": false
      },
      {
        "text": " of a human being",
        "userDefined": false
      }
    ],
    "isTemplate": false,
    "count": 1,
    "lang": "en",
    "updated": 0
  },
  {
    "id": "0f6745e9-f4b0-455e-9df5-6c1b547087f4",
    "data": [
      {
        "text": "show me ",
        "userDefined": false
      },
      {
        "text": "heart",
        "meta": "@sys.ignore",
        "userDefined": false
      },
      {
        "text": " human",
        "userDefined": false
      }
    ],
    "isTemplate": false,
    "count": 0,
    "lang": "en",
    "updated": 0
  },
  {
    "id": "32cff06d-0fef-4e83-b18a-b196f29b46c5",
    "data": [
      {
        "text": "show me the human ",
        "userDefined": false
      },
      {
        "text": "heart",
        "meta": "@sys.ignore",
        "userDefined": false
      }
    ],
    "isTemplate": false,
    "count": 0,
    "lang": "en",
    "updated": 0
  }
]