[
  {
    "id": "052f4924-d60c-4255-8f71-0b7fa638c2e4",
    "data": [
      {
        "text": "no. of times the human ",
        "userDefined": false
      },
      {
        "text": "hearts",
        "meta": "@symptoms",
        "alias": "symptoms",
        "userDefined": false
      },
      {
        "text": " beats",
        "userDefined": false
      }
    ],
    "isTemplate": false,
    "count": 0,
    "lang": "en",
    "updated": 0
  },
  {
    "id": "269f52e7-c4f9-4302-bb2d-ee9834da2977",
    "data": [
      {
        "text": "how many times a human\u0027s ",
        "userDefined": false
      },
      {
        "text": "heart",
        "meta": "@symptoms",
        "alias": "symptoms",
        "userDefined": false
      },
      {
        "text": " beats",
        "userDefined": false
      }
    ],
    "isTemplate": false,
    "count": 0,
    "lang": "en",
    "updated": 0
  }
]