[
  {
    "id": "2fc199b6-7d49-4f0c-b614-005a6a3fbd8d",
    "data": [
      {
        "text": "Need a doctor",
        "userDefined": false
      }
    ],
    "isTemplate": false,
    "count": 0,
    "lang": "en",
    "updated": 0
  },
  {
    "id": "84f1a164-70d9-4dbc-bfea-4ab9fdc8b470",
    "data": [
      {
        "text": "I would like to visit doctor ",
        "userDefined": false
      },
      {
        "text": "Aditya Patkar",
        "meta": "@sys.given-name",
        "alias": "given-name",
        "userDefined": false
      }
    ],
    "isTemplate": false,
    "count": 0,
    "lang": "en",
    "updated": 0
  },
  {
    "id": "dbafecc6-fd31-4604-9758-bcf0aac39a64",
    "data": [
      {
        "text": "I would like to visit Dr.",
        "userDefined": false
      },
      {
        "text": "Archeel Parekh",
        "meta": "@sys.given-name",
        "alias": "given-name",
        "userDefined": true
      }
    ],
    "isTemplate": false,
    "count": 0,
    "lang": "en",
    "updated": 0
  },
  {
    "id": "910785e9-29ab-48bd-a184-9f65f0f1447a",
    "data": [
      {
        "text": "I would like to visit ",
        "userDefined": false
      },
      {
        "text": "Archeel",
        "meta": "@sys.given-name",
        "alias": "given-name",
        "userDefined": true
      }
    ],
    "isTemplate": false,
    "count": 0,
    "lang": "en",
    "updated": 0
  },
  {
    "id": "684ee80d-6ab2-441d-959a-56bc86e9f521",
    "data": [
      {
        "text": "I want to book an appointment with ",
        "userDefined": false
      },
      {
        "text": "Archeel.",
        "meta": "@sys.given-name",
        "alias": "given-name",
        "userDefined": true
      }
    ],
    "isTemplate": false,
    "count": 0,
    "lang": "en",
    "updated": 0
  }
]