[
  {
    "id": "e41caee2-7ab4-4dfc-ad66-6eb8a905ee99",
    "data": [
      {
        "text": "give a regimen",
        "userDefined": false
      }
    ],
    "isTemplate": false,
    "count": 0,
    "lang": "en",
    "updated": 0
  },
  {
    "id": "688a358d-c54f-4cda-888b-f86e779ab742",
    "data": [
      {
        "text": "give a proper regimen",
        "userDefined": false
      }
    ],
    "isTemplate": false,
    "count": 0,
    "lang": "en",
    "updated": 0
  },
  {
    "id": "f306ed1b-c32f-4df3-9a67-15ab35dfddae",
    "data": [
      {
        "text": "Suggest a regimen",
        "userDefined": false
      }
    ],
    "isTemplate": false,
    "count": 0,
    "lang": "en",
    "updated": 0
  },
  {
    "id": "c5fa826c-94cf-45a3-a2d8-1a3a9c03e150",
    "data": [
      {
        "text": "what diet is correct for me",
        "userDefined": false
      }
    ],
    "isTemplate": false,
    "count": 0,
    "lang": "en",
    "updated": 0
  },
  {
    "id": "966ee843-a1e6-470c-8565-0ecb75142fc4",
    "data": [
      {
        "text": "what should i eat",
        "userDefined": false
      }
    ],
    "isTemplate": false,
    "count": 0,
    "lang": "en",
    "updated": 0
  },
  {
    "id": "76ef1916-349a-4414-8254-26807df8330c",
    "data": [
      {
        "text": "diet",
        "userDefined": false
      }
    ],
    "isTemplate": false,
    "count": 0,
    "lang": "en",
    "updated": 0
  },
  {
    "id": "96029a2e-3864-43f4-9bb8-4edcaae9d064",
    "data": [
      {
        "text": "suggest a diet plan",
        "userDefined": false
      }
    ],
    "isTemplate": false,
    "count": 0,
    "lang": "en",
    "updated": 0
  },
  {
    "id": "9463490e-13ab-49ae-9a90-3e26fc72c756",
    "data": [
      {
        "text": "suggest a diet that is suitable for me",
        "userDefined": false
      }
    ],
    "isTemplate": false,
    "count": 0,
    "lang": "en",
    "updated": 0
  },
  {
    "id": "74fbdea3-2d8c-46bd-ac87-80bd5f9899a8",
    "data": [
      {
        "text": "recommend me the diet that is right for me",
        "userDefined": false
      }
    ],
    "isTemplate": false,
    "count": 0,
    "lang": "en",
    "updated": 0
  },
  {
    "id": "92fc126c-ae2d-4f1f-962a-dcf2268dd9aa",
    "data": [
      {
        "text": "recommend a diet that is right for me",
        "userDefined": false
      }
    ],
    "isTemplate": false,
    "count": 0,
    "lang": "en",
    "updated": 0
  },
  {
    "id": "eb2021f2-a90a-431a-acee-0db99951fa19",
    "data": [
      {
        "text": "suggest diet",
        "userDefined": false
      }
    ],
    "isTemplate": false,
    "count": 0,
    "lang": "en",
    "updated": 0
  },
  {
    "id": "6c16adb5-95c9-42c8-b4b8-25ca64da1b69",
    "data": [
      {
        "text": "Suggest a diet that is right for me",
        "userDefined": false
      }
    ],
    "isTemplate": false,
    "count": 0,
    "lang": "en",
    "updated": 0
  }
]