[
  {
    "id": "cb57c225-fb65-4eb8-b51a-56456b4a9b1b",
    "data": [
      {
        "text": "what do you do apart from booking appointments",
        "userDefined": false
      }
    ],
    "isTemplate": false,
    "count": 0,
    "lang": "en",
    "updated": 0
  },
  {
    "id": "6bab23fe-94bc-46fe-b0e4-2816c3057dd8",
    "data": [
      {
        "text": "What do you know apart from booking appointments with doctors",
        "userDefined": false
      }
    ],
    "isTemplate": false,
    "count": 0,
    "lang": "en",
    "updated": 0
  },
  {
    "id": "2c9278c6-cc7f-4264-b5bf-20be12ea8e75",
    "data": [
      {
        "text": "What can you do other than booking appointments",
        "userDefined": false
      }
    ],
    "isTemplate": false,
    "count": 0,
    "lang": "en",
    "updated": 0
  }
]