[
  {
    "id": "4c87bd8e-15ee-428c-a8af-f09e882bc877",
    "data": [
      {
        "text": "why workout",
        "userDefined": false
      }
    ],
    "isTemplate": false,
    "count": 0,
    "lang": "en",
    "updated": 0
  },
  {
    "id": "8dd3704d-2597-4c25-a113-4ffead53fe40",
    "data": [
      {
        "text": "why should i exercise",
        "userDefined": false
      }
    ],
    "isTemplate": false,
    "count": 0,
    "lang": "en",
    "updated": 0
  },
  {
    "id": "a3e5319a-2ef8-4774-859c-e33f45345abb",
    "data": [
      {
        "text": "Benefits of working out",
        "userDefined": false
      }
    ],
    "isTemplate": false,
    "count": 0,
    "lang": "en",
    "updated": 0
  },
  {
    "id": "794f1090-4349-4c5b-9ed6-4b84c570aeb0",
    "data": [
      {
        "text": "Benefits of exercising",
        "userDefined": false
      }
    ],
    "isTemplate": false,
    "count": 0,
    "lang": "en",
    "updated": 0
  }
]